chain, residue_label, residue_name, score, zscore, probability, pocket
A,    1, MET,  0.0292,  -0.3632,   0.0006, 0
A,    2, GLU,  0.0105,  -0.3736,   0.0004, 0
A,    3, ASN,  0.0352,  -0.3599,   0.0007, 0
A,    4, GLN,  0.0026,  -0.3780,   0.0003, 0
A,    5, GLU,  0.0181,  -0.3693,   0.0005, 0
A,    6, LYS,  0.0596,  -0.3462,   0.0012, 0
A,    7, ALA,  0.1058,  -0.3205,   0.0025, 0
A,    8, SER,  0.0707,  -0.3400,   0.0015, 0
A,    9, ILE,  0.2766,  -0.2253,   0.0121, 0
A,   10, ALA,  0.1248,  -0.3099,   0.0032, 0
A,   11, GLY,  0.3647,  -0.1762,   0.0199, 0
A,   12, HIS,  0.3790,  -0.1682,   0.0213, 0
A,   13, MET,  0.3080,  -0.2078,   0.0146, 0
A,   14, PHE,  0.3266,  -0.1974,   0.0163, 0
A,   15, ASP,  0.0549,  -0.3489,   0.0011, 0
A,   16, VAL,  0.0000,  -0.3795,   0.0002, 0
A,   17, VAL,  0.0000,  -0.3795,   0.0002, 0
A,   18, VAL,  0.0000,  -0.3795,   0.0002, 0
A,   19, ILE,  1.1373,   0.2545,   0.1786, 2
A,   20, GLY,  2.2637,   0.8823,   0.4732, 2
A,   21, GLY,  1.9838,   0.7263,   0.4096, 0
A,   22, GLY,  2.6077,   1.0741,   0.5427, 2
A,   23, ILE,  2.0138,   0.7430,   0.4167, 2
A,   24, SER,  1.4347,   0.4202,   0.2639, 0
A,   25, GLY,  0.7059,   0.0140,   0.0709, 0
A,   26, LEU,  0.0000,  -0.3795,   0.0002, 0
A,   27, SER,  0.1351,  -0.3042,   0.0037, 0
A,   28, ALA,  0.0000,  -0.3795,   0.0002, 0
A,   29, ALA,  0.0051,  -0.3766,   0.0003, 0
A,   30, LYS,  0.4408,  -0.1338,   0.0283, 0
A,   31, LEU,  0.8034,   0.0684,   0.0920, 0
A,   32, LEU,  0.0001,  -0.3794,   0.0002, 0
A,   33, THR,  0.0327,  -0.3613,   0.0007, 0
A,   34, GLU,  0.6639,  -0.0094,   0.0626, 0
A,   35, TYR,  0.3437,  -0.1879,   0.0179, 0
A,   36, GLY,  0.0308,  -0.3623,   0.0007, 0
A,   37, VAL,  0.0333,  -0.3609,   0.0007, 0
A,   38, SER,  0.0975,  -0.3251,   0.0023, 0
A,   39, VAL,  0.0503,  -0.3514,   0.0010, 0
A,   40, LEU,  0.1451,  -0.2986,   0.0041, 0
A,   41, VAL,  0.0000,  -0.3795,   0.0002, 0
A,   42, LEU,  0.6983,   0.0098,   0.0693, 2
A,   43, GLU,  1.7039,   0.5703,   0.3386, 2
A,   44, ALA,  1.3104,   0.3510,   0.2280, 2
A,   45, ARG,  1.8072,   0.6279,   0.3655, 2
A,   46, ASP,  0.4105,  -0.1506,   0.0247, 0
A,   47, ARG,  0.5994,  -0.0454,   0.0512, 0
A,   48, VAL,  0.1355,  -0.3039,   0.0037, 0
A,   49, GLY,  1.9481,   0.7064,   0.4007, 2
A,   50, GLY,  2.5356,   1.0339,   0.5290, 2
A,   51, ARG,  2.7860,   1.1735,   0.5753, 1
A,   52, THR,  1.1365,   0.2541,   0.1784, 1
A,   53, TYR,  0.6148,  -0.0368,   0.0538, 0
A,   54, THR,  0.1140,  -0.3159,   0.0028, 0
A,   55, ILE,  0.1688,  -0.2853,   0.0052, 0
A,   56, ARG,  0.2479,  -0.2413,   0.0100, 0
A,   57, ASN,  0.1262,  -0.3091,   0.0033, 0
A,   58, GLU,  0.0364,  -0.3592,   0.0008, 0
A,   59, HIS,  0.2593,  -0.2349,   0.0108, 0
A,   60, VAL,  0.3487,  -0.1851,   0.0184, 0
A,   61, ASP,  0.1150,  -0.3153,   0.0029, 0
A,   62, TYR,  0.4662,  -0.1196,   0.0314, 0
A,   63, VAL,  0.3337,  -0.1935,   0.0170, 0
A,   64, ASP,  0.3708,  -0.1728,   0.0205, 0
A,   65, VAL,  0.5833,  -0.0543,   0.0486, 0
A,   66, GLY,  1.5626,   0.4915,   0.3001, 1
A,   67, GLY,  1.9573,   0.7115,   0.4030, 1
A,   68, ALA,  1.7385,   0.5896,   0.3478, 1
A,   69, TYR,  4.1268,   1.9208,   0.7541, 1
A,   70, VAL,  0.1186,  -0.3133,   0.0030, 0
A,   71, GLY,  0.0000,  -0.3795,   0.0002, 0
A,   72, PRO,  0.2747,  -0.2264,   0.0119, 0
A,   73, THR,  0.8341,   0.0855,   0.0992, 0
A,   74, GLN,  0.0130,  -0.3722,   0.0004, 0
A,   75, ASN,  0.2145,  -0.2599,   0.0077, 0
A,   76, ARG,  0.1616,  -0.2894,   0.0048, 0
A,   77, ILE,  0.0127,  -0.3724,   0.0004, 0
A,   78, LEU,  0.0562,  -0.3481,   0.0012, 0
A,   79, ARG,  0.6754,  -0.0030,   0.0648, 0
A,   80, LEU,  0.2333,  -0.2494,   0.0089, 0
A,   81, SER,  0.0173,  -0.3698,   0.0005, 0
A,   82, LYS,  0.0786,  -0.3357,   0.0017, 0
A,   83, GLU,  0.4736,  -0.1155,   0.0324, 0
A,   84, LEU,  0.0190,  -0.3689,   0.0005, 0
A,   85, GLY,  0.0171,  -0.3699,   0.0004, 0
A,   86, ILE,  0.0577,  -0.3473,   0.0012, 0
A,   87, GLU,  0.0812,  -0.3342,   0.0018, 0
A,   88, THR,  0.0792,  -0.3353,   0.0017, 0
A,   89, TYR,  0.4835,  -0.1099,   0.0337, 0
A,   90, LYS,  0.1449,  -0.2987,   0.0041, 0
A,   91, VAL,  0.1020,  -0.3226,   0.0024, 0
A,   92, ASN,  0.1270,  -0.3087,   0.0033, 0
A,   93, VAL,  0.5029,  -0.0992,   0.0363, 0
A,   94, SER,  0.0591,  -0.3465,   0.0012, 0
A,   95, GLU,  0.0491,  -0.3521,   0.0010, 0
A,   96, ARG,  0.1080,  -0.3193,   0.0026, 0
A,   97, LEU,  1.6634,   0.5477,   0.3276, 1
A,   98, VAL,  0.0659,  -0.3427,   0.0014, 0
A,   99, GLN,  0.9956,   0.1755,   0.1397, 0
A,  100, TYR,  0.1209,  -0.3121,   0.0031, 0
A,  101, VAL,  1.2228,   0.3021,   0.2028, 0
A,  102, LYS,  0.3554,  -0.1813,   0.0190, 0
A,  103, GLY,  0.1079,  -0.3193,   0.0026, 0
A,  104, LYS,  0.1676,  -0.2860,   0.0051, 0
A,  105, THR,  0.1060,  -0.3204,   0.0025, 0
A,  106, TYR,  1.0848,   0.2252,   0.1639, 0
A,  107, PRO,  0.1690,  -0.2852,   0.0052, 0
A,  108, PHE,  0.6761,  -0.0026,   0.0650, 0
A,  109, ARG,  0.3037,  -0.2102,   0.0143, 0
A,  110, GLY,  0.7585,   0.0433,   0.0819, 1
A,  111, ALA,  1.8334,   0.6425,   0.3723, 1
A,  112, PHE,  1.3500,   0.3731,   0.2393, 3
A,  113, PRO,  0.6744,  -0.0036,   0.0646, 3
A,  114, PRO,  1.3838,   0.3919,   0.2490, 3
A,  115, VAL,  1.1176,   0.2435,   0.1732, 3
A,  116, TRP,  0.9371,   0.1429,   0.1246, 0
A,  117, ASN,  0.2393,  -0.2461,   0.0094, 0
A,  118, PRO,  0.1820,  -0.2780,   0.0059, 0
A,  119, ILE,  0.4253,  -0.1424,   0.0265, 0
A,  120, ALA,  0.2466,  -0.2420,   0.0099, 0
A,  121, TYR,  1.0421,   0.2014,   0.1522, 3
A,  122, LEU,  0.2661,  -0.2311,   0.0113, 0
A,  123, ASP,  0.3670,  -0.1749,   0.0201, 0
A,  124, TYR,  0.6770,  -0.0021,   0.0651, 3
A,  125, ASN,  0.8217,   0.0786,   0.0963, 3
A,  126, ASN,  0.9205,   0.1336,   0.1204, 0
A,  127, LEU,  0.0000,  -0.3795,   0.0002, 0
A,  128, TRP,  1.2732,   0.3302,   0.2172, 3
A,  129, ARG,  0.9373,   0.1430,   0.1246, 3
A,  130, THR,  0.7538,   0.0407,   0.0809, 0
A,  131, ILE,  0.0199,  -0.3684,   0.0005, 0
A,  132, ASP,  1.7524,   0.5973,   0.3515, 0
A,  133, ASN,  0.5473,  -0.0744,   0.0429, 0
A,  134, MET,  0.5398,  -0.0786,   0.0418, 0
A,  135, GLY,  0.0603,  -0.3458,   0.0012, 0
A,  136, LYS,  0.8394,   0.0884,   0.1004, 0
A,  137, GLU,  0.2285,  -0.2521,   0.0086, 0
A,  138, ILE,  0.0088,  -0.3745,   0.0003, 0
A,  139, PRO,  0.0055,  -0.3764,   0.0003, 0
A,  140, THR,  0.2706,  -0.2286,   0.0116, 0
A,  141, ASP,  0.9609,   0.1561,   0.1307, 5
A,  142, ALA,  0.2002,  -0.2679,   0.0069, 0
A,  143, PRO,  0.6422,  -0.0215,   0.0586, 5
A,  144, TRP,  0.7287,   0.0267,   0.0757, 5
A,  145, GLU,  0.0343,  -0.3603,   0.0007, 0
A,  146, ALA,  0.0069,  -0.3756,   0.0003, 0
A,  147, GLN,  0.0118,  -0.3729,   0.0004, 0
A,  148, HIS,  0.3482,  -0.1854,   0.0183, 0
A,  149, ALA,  0.0161,  -0.3705,   0.0004, 0
A,  150, ASP,  0.0329,  -0.3611,   0.0007, 0
A,  151, LYS,  0.4641,  -0.1208,   0.0311, 0
A,  152, TRP,  0.4940,  -0.1041,   0.0351, 0
A,  153, ASP,  0.0133,  -0.3721,   0.0004, 0
A,  154, LYS,  0.0383,  -0.3581,   0.0008, 0
A,  155, MET,  0.1575,  -0.2917,   0.0047, 0
A,  156, THR,  0.0211,  -0.3677,   0.0005, 0
A,  157, MET,  0.0000,  -0.3795,   0.0002, 0
A,  158, LYS,  0.1636,  -0.2883,   0.0049, 0
A,  159, GLU,  0.0186,  -0.3691,   0.0005, 0
A,  160, LEU,  0.2461,  -0.2423,   0.0098, 0
A,  161, ILE,  0.0000,  -0.3794,   0.0002, 0
A,  162, ASP,  0.1524,  -0.2945,   0.0044, 0
A,  163, LYS,  0.8912,   0.1173,   0.1130, 0
A,  164, ILE,  0.9296,   0.1387,   0.1227, 0
A,  165, CYS,  0.4759,  -0.1142,   0.0327, 0
A,  166, TRP,  1.1312,   0.2511,   0.1769, 0
A,  167, THR,  0.3065,  -0.2086,   0.0145, 0
A,  168, LYS,  0.2421,  -0.2445,   0.0096, 0
A,  169, THR,  1.1698,   0.2726,   0.1878, 0
A,  170, ALA,  0.0909,  -0.3288,   0.0020, 0
A,  171, ARG,  0.2519,  -0.2390,   0.0102, 0
A,  172, ARG,  0.5209,  -0.0891,   0.0389, 4
A,  173, PHE,  0.4409,  -0.1337,   0.0284, 0
A,  174, ALA,  0.0001,  -0.3794,   0.0002, 0
A,  175, TYR,  1.1889,   0.2832,   0.1931, 4
A,  176, LEU,  0.6472,  -0.0187,   0.0595, 4
A,  177, PHE,  0.0002,  -0.3793,   0.0002, 0
A,  178, VAL,  0.0000,  -0.3795,   0.0002, 0
A,  179, ASN,  1.1091,   0.2388,   0.1707, 4
A,  180, ILE,  3.0764,   1.3353,   0.6229, 1
A,  181, ASN,  1.1451,   0.2588,   0.1808, 1
A,  182, VAL,  0.0117,  -0.3729,   0.0004, 0
A,  183, THR,  0.1053,  -0.3207,   0.0025, 6
A,  184, SER,  0.1007,  -0.3233,   0.0024, 6
A,  185, GLU,  1.1767,   0.2765,   0.1897, 4
A,  186, PRO,  0.9295,   0.1386,   0.1227, 4
A,  187, HIS,  0.0841,  -0.3326,   0.0019, 4
A,  188, GLU,  0.1719,  -0.2837,   0.0053, 6
A,  189, VAL,  0.0045,  -0.3769,   0.0003, 0
A,  190, SER,  0.0000,  -0.3795,   0.0002, 0
A,  191, ALA,  0.0000,  -0.3795,   0.0002, 0
A,  192, LEU,  0.0000,  -0.3795,   0.0002, 0
A,  193, TRP,  0.9045,   0.1247,   0.1163, 5
A,  194, PHE,  0.0000,  -0.3795,   0.0002, 0
A,  195, LEU,  0.0106,  -0.3736,   0.0004, 0
A,  196, TRP,  1.0065,   0.1816,   0.1427, 5
A,  197, TYR,  0.6689,  -0.0066,   0.0636, 0
A,  198, VAL,  0.0875,  -0.3307,   0.0019, 0
A,  199, LYS,  0.4987,  -0.1015,   0.0357, 0
A,  200, GLN,  0.2107,  -0.2620,   0.0075, 0
A,  201, CYS,  0.4901,  -0.1063,   0.0346, 0
A,  202, GLY,  1.6326,   0.5305,   0.3191, 0
A,  203, GLY,  1.3124,   0.3521,   0.2286, 0
A,  204, THR,  1.5727,   0.4972,   0.3028, 0
A,  205, THR,  1.5426,   0.4804,   0.2945, 3
A,  206, ARG,  1.2145,   0.2975,   0.2005, 0
A,  207, ILE,  0.5195,  -0.0899,   0.0387, 0
A,  208, PHE,  1.8894,   0.6737,   0.3864, 1
A,  209, SER,  1.9516,   0.7084,   0.4016, 1
A,  210, VAL,  1.8558,   0.6549,   0.3780, 1
A,  211, THR,  0.3181,  -0.2022,   0.0155, 1
A,  212, ASN,  0.1018,  -0.3227,   0.0024, 0
A,  213, GLY,  0.0386,  -0.3580,   0.0008, 0
A,  214, GLY,  0.4236,  -0.1433,   0.0263, 1
A,  215, GLN,  3.8934,   1.7907,   0.7305, 1
A,  216, GLU,  0.0157,  -0.3707,   0.0004, 0
A,  217, ARG,  0.0521,  -0.3504,   0.0011, 0
A,  218, LYS,  0.3431,  -0.1882,   0.0178, 0
A,  219, PHE,  0.0628,  -0.3445,   0.0013, 0
A,  220, VAL,  0.1253,  -0.3096,   0.0033, 0
A,  221, GLY,  0.1073,  -0.3196,   0.0026, 0
A,  222, GLY,  0.0092,  -0.3743,   0.0003, 0
A,  223, SER,  0.0000,  -0.3795,   0.0002, 0
A,  224, GLY,  0.0725,  -0.3391,   0.0015, 0
A,  225, GLN,  0.0252,  -0.3654,   0.0006, 0
A,  226, VAL,  0.0002,  -0.3794,   0.0002, 0
A,  227, SER,  0.1462,  -0.2980,   0.0042, 0
A,  228, GLU,  0.1861,  -0.2758,   0.0061, 0
A,  229, ARG,  0.0363,  -0.3593,   0.0007, 0
A,  230, ILE,  0.0106,  -0.3736,   0.0004, 0
A,  231, MET,  0.1056,  -0.3206,   0.0025, 0
A,  232, ASP,  0.0402,  -0.3570,   0.0008, 0
A,  233, LEU,  0.0468,  -0.3534,   0.0009, 0
A,  234, LEU,  0.0266,  -0.3647,   0.0006, 0
A,  235, GLY,  0.0281,  -0.3638,   0.0006, 0
A,  236, ASP,  0.0576,  -0.3473,   0.0012, 0
A,  237, GLN,  0.1321,  -0.3059,   0.0035, 0
A,  238, VAL,  0.0324,  -0.3614,   0.0007, 0
A,  239, LYS,  0.2411,  -0.2451,   0.0095, 0
A,  240, LEU,  0.0578,  -0.3472,   0.0012, 0
A,  241, ASN,  0.0234,  -0.3664,   0.0005, 0
A,  242, HIS,  0.2298,  -0.2514,   0.0087, 0
A,  243, PRO,  0.7096,   0.0160,   0.0716, 0
A,  244, VAL,  0.7112,   0.0170,   0.0720, 2
A,  245, THR,  0.2808,  -0.2229,   0.0124, 0
A,  246, HIS,  0.3302,  -0.1954,   0.0166, 0
A,  247, VAL,  0.0531,  -0.3499,   0.0011, 0
A,  248, ASP,  0.1184,  -0.3135,   0.0030, 0
A,  249, GLN,  0.1071,  -0.3198,   0.0026, 0
A,  250, SER,  0.0690,  -0.3410,   0.0015, 0
A,  251, SER,  0.0604,  -0.3458,   0.0012, 0
A,  252, ASP,  0.0194,  -0.3687,   0.0005, 0
A,  253, ASN,  0.0790,  -0.3355,   0.0017, 0
A,  254, ILE,  0.0038,  -0.3773,   0.0003, 0
A,  255, ILE,  0.2455,  -0.2426,   0.0098, 0
A,  256, ILE,  0.0729,  -0.3388,   0.0016, 0
A,  257, GLU,  0.1628,  -0.2887,   0.0049, 0
A,  258, THR,  0.0425,  -0.3558,   0.0009, 0
A,  259, LEU,  0.1830,  -0.2775,   0.0059, 0
A,  260, ASN,  0.0455,  -0.3541,   0.0009, 0
A,  261, HIS,  0.1007,  -0.3233,   0.0024, 0
A,  262, GLU,  0.1307,  -0.3066,   0.0035, 0
A,  263, HIS,  0.3134,  -0.2048,   0.0151, 0
A,  264, TYR,  0.2766,  -0.2253,   0.0121, 0
A,  265, GLU,  0.1855,  -0.2760,   0.0060, 0
A,  266, CYS,  0.0023,  -0.3782,   0.0003, 0
A,  267, LYS,  0.0659,  -0.3427,   0.0014, 0
A,  268, TYR,  0.1011,  -0.3231,   0.0024, 0
A,  269, VAL,  0.0000,  -0.3795,   0.0002, 0
A,  270, ILE,  0.0000,  -0.3795,   0.0002, 0
A,  271, ASN,  0.3736,  -0.1712,   0.0208, 0
A,  272, ALA,  2.1148,   0.7993,   0.4397, 2
A,  273, ILE,  2.8240,   1.1946,   0.5818, 2
A,  274, PRO,  2.2004,   0.8471,   0.4593, 2
A,  275, PRO,  0.5521,  -0.0717,   0.0436, 0
A,  276, THR,  0.2440,  -0.2435,   0.0097, 0
A,  277, LEU,  1.2479,   0.3161,   0.2099, 2
A,  278, THR,  0.5644,  -0.0648,   0.0455, 0
A,  279, ALA,  0.2263,  -0.2533,   0.0085, 0
A,  280, LYS,  0.3996,  -0.1567,   0.0235, 2
A,  281, ILE,  0.5837,  -0.0541,   0.0487, 0
A,  282, HIS,  0.4486,  -0.1294,   0.0292, 0
A,  283, PHE,  0.2034,  -0.2661,   0.0071, 0
A,  284, ARG,  0.0811,  -0.3343,   0.0018, 0
A,  285, PRO,  0.0888,  -0.3299,   0.0020, 0
A,  286, GLU,  0.1630,  -0.2886,   0.0049, 0
A,  287, LEU,  0.1975,  -0.2694,   0.0067, 0
A,  288, PRO,  0.0894,  -0.3296,   0.0020, 0
A,  289, ALA,  0.0163,  -0.3704,   0.0004, 0
A,  290, GLU,  0.0372,  -0.3587,   0.0008, 0
A,  291, ARG,  0.4035,  -0.1546,   0.0239, 0
A,  292, ASN,  0.2020,  -0.2668,   0.0070, 0
A,  293, GLN,  0.0406,  -0.3568,   0.0008, 0
A,  294, LEU,  0.0865,  -0.3312,   0.0019, 0
A,  295, ILE,  0.4732,  -0.1157,   0.0323, 0
A,  296, GLN,  0.2570,  -0.2362,   0.0106, 0
A,  297, ARG,  0.1025,  -0.3223,   0.0024, 0
A,  298, LEU,  0.3145,  -0.2041,   0.0152, 0
A,  299, PRO,  0.2240,  -0.2546,   0.0083, 6
A,  300, MET,  0.3245,  -0.1986,   0.0161, 6
A,  301, GLY,  0.1990,  -0.2686,   0.0068, 6
A,  302, ALA,  0.2042,  -0.2657,   0.0071, 6
A,  303, VAL,  0.5583,  -0.0683,   0.0445, 1
A,  304, ILE,  0.0792,  -0.3353,   0.0017, 0
A,  305, LYS,  0.9204,   0.1336,   0.1204, 0
A,  306, CYS,  0.1020,  -0.3226,   0.0024, 0
A,  307, MET,  0.1020,  -0.3226,   0.0024, 0
A,  308, MET,  0.1705,  -0.2844,   0.0053, 0
A,  309, TYR,  0.3622,  -0.1776,   0.0196, 0
A,  310, TYR,  0.0925,  -0.3279,   0.0021, 0
A,  311, LYS,  0.1086,  -0.3189,   0.0026, 0
A,  312, GLU,  0.0337,  -0.3607,   0.0007, 0
A,  313, ALA,  0.1502,  -0.2957,   0.0043, 0
A,  314, PHE,  0.0278,  -0.3639,   0.0006, 0
A,  315, TRP,  0.0613,  -0.3453,   0.0013, 0
A,  316, LYS,  0.2498,  -0.2402,   0.0101, 0
A,  317, LYS,  0.0266,  -0.3646,   0.0006, 0
A,  318, LYS,  0.0336,  -0.3607,   0.0007, 0
A,  319, ASP,  0.0161,  -0.3705,   0.0004, 0
A,  320, TYR,  0.1397,  -0.3016,   0.0039, 0
A,  321, CYS,  0.0603,  -0.3458,   0.0012, 0
A,  322, GLY,  0.0600,  -0.3460,   0.0012, 0
A,  323, CYS,  1.7682,   0.6061,   0.3555, 1
A,  324, MET,  0.0600,  -0.3460,   0.0012, 0
A,  325, ILE,  1.5382,   0.4779,   0.2933, 1
A,  326, ILE,  0.0184,  -0.3692,   0.0005, 0
A,  327, GLU,  0.8674,   0.1040,   0.1071, 4
A,  328, ASP,  0.1438,  -0.2993,   0.0041, 4
A,  329, GLU,  1.2432,   0.3135,   0.2086, 4
A,  330, ASP,  0.0930,  -0.3276,   0.0021, 0
A,  331, ALA,  0.0741,  -0.3382,   0.0016, 0
A,  332, PRO,  0.0699,  -0.3405,   0.0015, 0
A,  333, ILE,  0.1020,  -0.3226,   0.0024, 0
A,  334, SER,  0.1689,  -0.2853,   0.0052, 0
A,  335, ILE,  3.2201,   1.4154,   0.6445, 1
A,  336, THR,  1.6428,   0.5363,   0.3220, 0
A,  337, LEU,  3.0545,   1.3231,   0.6196, 1
A,  338, ASP,  0.1930,  -0.2719,   0.0065, 0
A,  339, ASP,  0.3910,  -0.1615,   0.0226, 0
A,  340, THR,  0.5519,  -0.0718,   0.0436, 0
A,  341, LYS,  0.5949,  -0.0478,   0.0505, 0
A,  342, PRO,  0.3111,  -0.2060,   0.0149, 0
A,  343, ASP,  0.1424,  -0.3001,   0.0040, 0
A,  344, GLY,  0.1773,  -0.2807,   0.0056, 0
A,  345, SER,  0.1606,  -0.2899,   0.0048, 0
A,  346, LEU,  0.1119,  -0.3171,   0.0028, 0
A,  347, PRO,  0.1737,  -0.2826,   0.0054, 0
A,  348, ALA,  0.0000,  -0.3795,   0.0002, 0
A,  349, ILE,  0.1020,  -0.3226,   0.0024, 0
A,  350, MET,  1.9440,   0.7041,   0.3997, 1
A,  351, GLY,  0.1020,  -0.3226,   0.0024, 0
A,  352, PHE,  3.9252,   1.8085,   0.7338, 1
A,  353, ILE,  0.0000,  -0.3795,   0.0002, 0
A,  354, LEU,  0.3990,  -0.1571,   0.0234, 4
A,  355, ALA,  0.2752,  -0.2260,   0.0120, 0
A,  356, ARG,  0.5250,  -0.0868,   0.0395, 4
A,  357, LYS,  0.8077,   0.0707,   0.0929, 4
A,  358, ALA,  0.0363,  -0.3592,   0.0008, 0
A,  359, ASP,  0.2450,  -0.2429,   0.0098, 6
A,  360, ARG,  0.3913,  -0.1614,   0.0226, 4
A,  361, LEU,  0.0322,  -0.3615,   0.0007, 0
A,  362, ALA,  0.0655,  -0.3430,   0.0014, 0
A,  363, LYS,  0.0683,  -0.3414,   0.0014, 0
A,  364, LEU,  0.0818,  -0.3339,   0.0018, 0
A,  365, HIS,  0.0426,  -0.3557,   0.0009, 0
A,  366, LYS,  0.1753,  -0.2818,   0.0055, 0
A,  367, GLU,  0.1709,  -0.2842,   0.0053, 0
A,  368, ILE,  0.0442,  -0.3548,   0.0009, 0
A,  369, ARG,  0.0286,  -0.3635,   0.0006, 0
A,  370, LYS,  0.2210,  -0.2563,   0.0081, 0
A,  371, LYS,  0.1346,  -0.3045,   0.0036, 0
A,  372, LYS,  0.1137,  -0.3161,   0.0028, 0
A,  373, ILE,  0.1065,  -0.3201,   0.0026, 0
A,  374, CYS,  0.1363,  -0.3035,   0.0037, 0
A,  375, GLU,  0.1071,  -0.3198,   0.0026, 0
A,  376, LEU,  0.0748,  -0.3378,   0.0016, 0
A,  377, TYR,  0.1260,  -0.3092,   0.0033, 0
A,  378, ALA,  0.0289,  -0.3634,   0.0006, 0
A,  379, LYS,  0.1577,  -0.2916,   0.0047, 0
A,  380, VAL,  0.1249,  -0.3098,   0.0032, 0
A,  381, LEU,  0.0979,  -0.3249,   0.0023, 0
A,  382, GLY,  0.0749,  -0.3377,   0.0016, 0
A,  383, SER,  0.0295,  -0.3630,   0.0006, 0
A,  384, GLN,  0.0233,  -0.3665,   0.0005, 0
A,  385, GLU,  0.0335,  -0.3608,   0.0007, 0
A,  386, ALA,  0.1216,  -0.3117,   0.0031, 0
A,  387, LEU,  0.1518,  -0.2948,   0.0044, 0
A,  388, HIS,  0.1639,  -0.2881,   0.0050, 0
A,  389, PRO,  0.1734,  -0.2828,   0.0054, 0
A,  390, VAL,  0.1966,  -0.2699,   0.0067, 0
A,  391, HIS,  0.2957,  -0.2147,   0.0136, 0
A,  392, TYR,  0.2844,  -0.2210,   0.0127, 0
A,  393, GLU,  0.3395,  -0.1902,   0.0175, 0
A,  394, GLU,  0.0982,  -0.3247,   0.0023, 0
A,  395, LYS,  0.6416,  -0.0219,   0.0585, 0
A,  396, ASN,  0.0645,  -0.3435,   0.0013, 0
A,  397, TRP,  0.7969,   0.0648,   0.0905, 1
A,  398, CYS,  0.2021,  -0.2668,   0.0070, 6
A,  399, GLU,  0.1219,  -0.3115,   0.0031, 0
A,  400, GLU,  0.5341,  -0.0817,   0.0409, 0
A,  401, GLN,  0.3297,  -0.1957,   0.0166, 0
A,  402, TYR,  2.2408,   0.8696,   0.4683, 2
A,  403, SER,  0.9958,   0.1756,   0.1398, 2
A,  404, GLY,  0.1816,  -0.2782,   0.0058, 6
A,  405, GLY,  0.1207,  -0.3122,   0.0031, 0
A,  406, CYS,  0.5247,  -0.0870,   0.0395, 1
A,  407, TYR,  4.8300,   2.3128,   0.8127, 1
A,  408, THR,  0.4135,  -0.1490,   0.0251, 0
A,  409, ALA,  0.3633,  -0.1769,   0.0197, 0
A,  410, TYR,  0.5573,  -0.0688,   0.0444, 6
A,  411, PHE,  0.9868,   0.1706,   0.1374, 5
A,  412, PRO,  0.0504,  -0.3514,   0.0010, 0
A,  413, PRO,  0.0588,  -0.3467,   0.0012, 0
A,  414, GLY,  0.0334,  -0.3608,   0.0007, 0
A,  415, ILE,  0.0440,  -0.3550,   0.0009, 0
A,  416, MET,  0.7135,   0.0182,   0.0724, 5
A,  417, THR,  0.0296,  -0.3630,   0.0006, 0
A,  418, GLN,  0.0540,  -0.3493,   0.0011, 0
A,  419, TYR,  0.0330,  -0.3610,   0.0007, 0
A,  420, GLY,  0.6591,  -0.0121,   0.0617, 0
A,  421, ARG,  0.4091,  -0.1514,   0.0246, 0
A,  422, VAL,  0.0577,  -0.3473,   0.0012, 0
A,  423, ILE,  1.2762,   0.3319,   0.2180, 5
A,  424, ARG,  1.1944,   0.2863,   0.1947, 5
A,  425, GLN,  0.1371,  -0.3030,   0.0038, 0
A,  426, PRO,  0.2680,  -0.2301,   0.0114, 0
A,  427, VAL,  0.0888,  -0.3300,   0.0020, 0
A,  428, GLY,  0.1617,  -0.2893,   0.0049, 0
A,  429, ARG,  0.1059,  -0.3204,   0.0025, 0
A,  430, ILE,  0.0096,  -0.3741,   0.0003, 0
A,  431, PHE,  0.1957,  -0.2704,   0.0066, 0
A,  432, PHE,  0.3935,  -0.1601,   0.0229, 0
A,  433, ALA,  0.3676,  -0.1745,   0.0202, 0
A,  434, GLY,  0.7620,   0.0453,   0.0827, 2
A,  435, THR,  1.3667,   0.3823,   0.2441, 2
A,  436, GLU,  1.6319,   0.5301,   0.3189, 2
A,  437, THR,  0.9302,   0.1390,   0.1228, 5
A,  438, ALA,  0.5021,  -0.0996,   0.0362, 5
A,  439, THR,  0.3682,  -0.1742,   0.0202, 0
A,  440, LYS,  0.8087,   0.0713,   0.0932, 0
A,  441, TRP,  0.3545,  -0.1819,   0.0189, 0
A,  442, SER,  0.6202,  -0.0338,   0.0547, 0
A,  443, GLY,  1.3163,   0.3542,   0.2297, 1
A,  444, TYR,  2.9291,   1.2532,   0.5996, 1
A,  445, MET,  0.9899,   0.1723,   0.1382, 1
A,  446, GLU,  0.0783,  -0.3358,   0.0017, 0
A,  447, GLY,  0.0000,  -0.3795,   0.0002, 0
A,  448, ALA,  1.4115,   0.4073,   0.2572, 2
A,  449, VAL,  0.0082,  -0.3749,   0.0003, 0
A,  450, GLU,  0.1715,  -0.2839,   0.0053, 0
A,  451, ALA,  0.0086,  -0.3747,   0.0003, 0
A,  452, GLY,  0.0014,  -0.3787,   0.0002, 0
A,  453, GLU,  0.6747,  -0.0034,   0.0647, 0
A,  454, ARG,  0.1920,  -0.2724,   0.0064, 0
A,  455, ALA,  0.0000,  -0.3795,   0.0002, 0
A,  456, ALA,  0.0000,  -0.3795,   0.0002, 0
A,  457, ARG,  0.6529,  -0.0155,   0.0606, 0
A,  458, GLU,  0.3170,  -0.2028,   0.0154, 0
A,  459, VAL,  0.0695,  -0.3407,   0.0015, 0
A,  460, LEU,  0.1037,  -0.3217,   0.0025, 0
A,  461, ASN,  0.1510,  -0.2953,   0.0044, 0
A,  462, GLY,  0.1158,  -0.3149,   0.0029, 0
A,  463, LEU,  0.0747,  -0.3378,   0.0016, 0
A,  464, GLY,  0.0186,  -0.3691,   0.0005, 0
A,  465, LYS,  0.0795,  -0.3351,   0.0017, 0
A,  466, VAL,  0.1304,  -0.3068,   0.0035, 0
A,  467, THR,  0.0110,  -0.3733,   0.0004, 0
A,  468, GLU,  0.0356,  -0.3596,   0.0007, 0
A,  469, LYS,  0.0219,  -0.3672,   0.0005, 0
A,  470, ASP,  0.1208,  -0.3121,   0.0031, 0
A,  471, ILE,  0.1834,  -0.2772,   0.0059, 0
A,  472, TRP,  0.6062,  -0.0416,   0.0523, 0
A,  473, VAL,  0.5040,  -0.0985,   0.0365, 0
A,  474, GLN,  0.2362,  -0.2478,   0.0091, 0
A,  475, GLU,  0.3391,  -0.1905,   0.0175, 0
A,  476, PRO,  0.0651,  -0.3432,   0.0014, 0
A,  477, GLU,  0.1336,  -0.3050,   0.0036, 0
A,  478, SER,  0.0488,  -0.3522,   0.0010, 0
A,  479, LYS,  0.0298,  -0.3628,   0.0006, 0
A,  480, ASP,  0.0782,  -0.3359,   0.0017, 0
A,  481, VAL,  0.0558,  -0.3484,   0.0011, 0
A,  482, PRO,  0.0095,  -0.3741,   0.0003, 0
A,  483, ALA,  0.1597,  -0.2904,   0.0048, 0
A,  484, VAL,  0.0418,  -0.3562,   0.0009, 0
A,  485, GLU,  0.0379,  -0.3584,   0.0008, 0
A,  486, ILE,  1.1346,   0.2530,   0.1778, 0
A,  487, THR,  0.2651,  -0.2317,   0.0112, 3
A,  488, HIS,  1.9645,   0.7156,   0.4048, 3
A,  489, THR,  0.2314,  -0.2505,   0.0088, 3
A,  490, PHE,  0.2396,  -0.2459,   0.0094, 0
A,  491, TRP,  0.5145,  -0.0927,   0.0380, 0
A,  492, GLU,  1.5730,   0.4974,   0.3029, 3
A,  493, ARG,  0.4934,  -0.1045,   0.0350, 0
A,  494, ASN,  0.1116,  -0.3172,   0.0027, 0
A,  495, LEU,  0.5560,  -0.0696,   0.0442, 0
A,  496, PRO,  0.2899,  -0.2179,   0.0132, 0
A,  497, SER,  0.9186,   0.1326,   0.1199, 0
A,  498, VAL,  0.9435,   0.1464,   0.1262, 0
A,  499, SER,  1.0239,   0.1912,   0.1474, 0
A,  500, GLY,  0.8053,   0.0694,   0.0924, 0
A,  501, LEU,  0.4251,  -0.1425,   0.0264, 0
A,  502, LEU,  0.3518,  -0.1833,   0.0186, 0
A,  503, LYS,  0.2492,  -0.2406,   0.0100, 0
A,  504, ILE,  0.2420,  -0.2446,   0.0096, 0
A,  505, ILE,  0.2696,  -0.2292,   0.0115, 0
A,  506, GLY,  0.0353,  -0.3598,   0.0007, 0
A,  507, PHE,  0.2859,  -0.2201,   0.0128, 0
A,  508, SER,  0.0535,  -0.3497,   0.0011, 0
A,  509, THR,  0.0235,  -0.3664,   0.0005, 0
A,  510, SER,  0.0433,  -0.3553,   0.0009, 0
A,  511, VAL,  0.1438,  -0.2993,   0.0041, 0
A,  512, THR,  0.1537,  -0.2938,   0.0045, 0
A,  513, ALA,  0.0997,  -0.3239,   0.0023, 0
A,  514, LEU,  0.1362,  -0.3036,   0.0037, 0
A,  515, GLY,  0.1508,  -0.2954,   0.0044, 0
A,  516, PHE,  0.4092,  -0.1514,   0.0246, 0
A,  517, VAL,  0.2091,  -0.2629,   0.0074, 0
A,  518, LEU,  0.1120,  -0.3170,   0.0028, 0
A,  519, TYR,  0.2480,  -0.2412,   0.0100, 0
A,  520, LYS,  0.1361,  -0.3036,   0.0037, 0
A,  521, TYR,  0.0967,  -0.3256,   0.0022, 0
A,  522, LYS,  0.0466,  -0.3535,   0.0009, 0
A,  523, LEU,  0.0851,  -0.3320,   0.0019, 0
A,  524, LEU,  0.1076,  -0.3195,   0.0026, 0
A,  525, PRO,  0.0452,  -0.3542,   0.0009, 0
A,  526, ARG,  0.0618,  -0.3450,   0.0013, 0
A,  527, SER,  0.0489,  -0.3522,   0.0010, 0
